MAE,MSE,R-Squared
0.1400337914715479,0.03675595579353447,0.8804761983701267
